"","Team","City","State","Type","Primary.Conference","lon","lat"
"348","Wildcats","Abilene","Texas","Private/ Churches of Christ","Southland Conference[A 41]",-99.7331439,32.4487364
"312","Falcons","Colorado Springs","Colorado","Federal academy","Mountain West Conference",-104.8213634,38.8338816
"1","Zips","Akron","Ohio","State","Mid-American Conference",-81.5190053,41.0814447
"2","Crimson Tide","Tuscaloosa","Alabama","State","Southeastern Conference",-87.5691735,33.2098407
"3","Bulldogs and Lady Bulldogs","Huntsville","Alabama","State","Southwestern Athletic Conference",-86.5861037,34.7303688
"5","Hornets and Lady Hornets","Montgomery","Alabama","State","Southwestern Athletic Conference",-86.2999689,32.3668052
"6","Great Danes","Albany","New York","State","America East Conference",-73.7562317,42.6525793
"7","Braves and Lady Braves","Lorman","Mississippi","State","Southwestern Athletic Conference",-91.0501057,31.8204396
"8","Eagles","Washington","District of Columbia","Private/Methodist","Patriot League",-77.0368707,38.9071923
"9","Mountaineers","Boone","North Carolina","State","Sun Belt Conference",-81.6745517,36.216795
"13","Trojans","Little Rock","Arkansas","State","Sun Belt Conference",-92.2895948,34.7464809
"14","Golden Lions","Pine Bluff","Arkansas","State","Southwestern Athletic Conference",-92.0031955,34.2284312
"10","Wildcats","Tucson","Arizona","State","Pac-12 Conference",-110.926479,32.2217429
"11","Sun Devils","Tempe","Arizona","State","Pac-12 Conference",-111.9400054,33.4255104
"12","Razorbacks and Razorback women[A 1]","Fayetteville","Arkansas","State","Southeastern Conference",-94.1574263,36.0625795
"15","Red Wolves","Jonesboro","Arkansas","State","Sun Belt Conference",-90.704279,35.8422967
"313","Black Knights","West Point","New York","Federal academy","Patriot League",-73.9559721,41.3914827
"16","Tigers","Auburn","Alabama","State","Southeastern Conference",-85.4807825,32.6098566
"17","Governors and Lady Govs","Clarksville","Tennessee","State","Ohio Valley Conference",-87.3594528,36.5297706
"18","Cardinals","Muncie","Indiana","State","Mid-American Conference",-85.3863599,40.1933767
"19","Bears and Lady Bears","Waco","Texas","Private/Baptist","Big 12 Conference",-97.1466695,31.549333
"20","Bruins","Nashville","Tennessee","Private/Christian","Ohio Valley Conference",-86.7816016,36.1626638
"21","Wildcats","Daytona Beach","Florida","Private/Methodist","Mid-Eastern Athletic Conference",-81.0228331,29.2108147
"22","Bearcats","Vestal","New York","State","America East Conference",-76.053575,42.0855898
"23","Broncos","Boise","Idaho","State","Mountain West Conference",-116.2146068,43.6187102
"24","Eagles","Chestnut Hill","Massachusetts","Private/Catholic","Atlantic Coast Conference",-71.166187,42.3303798
"25","Terriers","Boston","Massachusetts","Private/Non-sectarian","Patriot League",-71.0588801,42.3600825
"26","Falcons","Bowling Green","Ohio","State","Mid-American Conference",-83.6513229,41.3747744
"27","Braves","Peoria","Illinois","Private/Non-Sectarian","Missouri Valley Conference",-89.5889864,40.6936488
"29","Bears","Providence","Rhode Island","Private/Non-Sectarian","Ivy League",-71.4128343,41.8239891
"30","Bulldogs","Smithfield","Rhode Island","Private/Non-Sectarian","Northeast Conference",-71.5495101,41.9220496
"31","Bison","Lewisburg","Pennsylvania","Private/Non-Sectarian","Patriot League",-76.8844101,40.9645293
"32","Bulls","Buffalo","New York","State","Mid-American Conference",-78.8783689,42.8864468
"33","Bulldogs","Indianapolis","Indiana","Private/Non-Sectarian","Big East Conference",-86.158068,39.768403
"28","Cougars","Provo","Utah","Private/Latter-Day Saints","West Coast Conference",-111.6585337,40.2338438
"34","Golden Bears","Berkeley","California","State","Pac-12 Conference",-122.272747,37.8715926
"38","Mustangs","San Luis Obispo","California","State","Big West Conference",-120.6596156,35.2827524
"47","Fighting Camels and Lady Camels","Buies Creek","North Carolina","Private/Baptist","Big South Conference",-78.7355728,35.4132168
"48","Golden Griffins","Buffalo","New York","Private/Catholic","Metro Atlantic Athletic Conference",-78.8783689,42.8864468
"49","Bears and Sugar Bears","Conway","Arkansas","State","Southland Conference",-92.4421011,35.0886963
"50","Blue Devils","New Britain","Connecticut","State","Northeast Conference",-72.7795419,41.6612104
"52","Chippewas","Mount Pleasant","Michigan","State","Mid-American Conference",-84.7675139,43.5978075
"53","Cougars","Charleston","South Carolina","State","Colonial Athletic Association",-79.9310512,32.7764749
"54","Buccaneers[A 5]","Charleston","South Carolina","Private/Baptist","Big South Conference",-79.9310512,32.7764749
"203","49ers","Charlotte","North Carolina","State","Conference USA",-80.8431267,35.2270869
"292","Mocs and Lady Mocs","Chattanooga","Tennessee","State","Southern Conference",-85.3096801,35.0456297
"55","Cougars","Chicago","Illinois","State","Western Athletic Conference",-87.6297982,41.8781136
"56","Bearcats","Cincinnati","Ohio","State","American Athletic Conference",-84.5120196,39.1031182
"58","Tigers","Clemson","South Carolina","State","Atlantic Coast Conference",-82.8373654,34.6834382
"59","Vikings","Cleveland","Ohio","State","Horizon League",-81.6943605,41.49932
"60","Chanticleers","Conway","South Carolina","State","Sun Belt Conference",-79.0478143,33.8360034
"61","Raiders","Hamilton","New York","Private/Non-sectarian","Patriot League",-75.5446238,42.8270136
"62","Buffaloes","Boulder","Colorado","State","Pac-12 Conference",-105.2705456,40.0149856
"63","Rams","Fort Collins","Colorado","State","Mountain West Conference",-105.084423,40.5852602
"64","Lions","Manhattan","New York","Private/Non-sectarian","Ivy League",-73.9712488,40.7830603
"66","Eagles","Baltimore","Maryland","State","Mid-Eastern Athletic Conference",-76.6121893,39.2903848
"67","Big Red","Ithaca","New York","Private/Statutory state","Ivy League",-76.5018807,42.4439614
"68","Bluejays","Omaha","Nebraska","Private/Catholic","Big East Conference",-95.9979883,41.2523634
"43","Titans","Fullerton","California","State","Big West Conference",-117.9242966,33.8703596
"45","Matadors","Northridge","California","State","Big West Conference",-118.530123,34.2381251
"41","Roadrunners","Bakersfield","California","State","Western Athletic Conference",-119.0187125,35.3732921
"69","Big Green","Hanover","New Hampshire","Private/Non-sectarian","Ivy League",-72.2895526,43.7022451
"70","Wildcats","Davidson","North Carolina","Private/Presbyterian","Atlantic 10 Conference",-80.8486846,35.4993031
"71","Flyers","Dayton","Ohio","Private/Catholic","Atlantic 10 Conference",-84.1916069,39.7589478
"72","Fightin' Blue Hens","Newark","Delaware","Private-state hybrid","Colonial Athletic Association",-75.7496572,39.6837226
"73","Hornets and Lady Hornets","Dover","Delaware","State","Mid-Eastern Athletic Conference",-75.5243682,39.158168
"74","Pioneers","Denver","Colorado","Private/Non-sectarian","The Summit League",-104.990251,39.7392358
"75","Blue Demons","Chicago","Illinois","Private/Catholic","Big East Conference",-87.6297982,41.8781136
"76","Titans","Detroit","Michigan","Private/Catholic","Horizon League",-83.0457538,42.331427
"77","Bulldogs","Des Moines","Iowa","Private/Non-sectarian","Missouri Valley Conference",-93.6091064,41.6005448
"78","Dragons","Philadelphia","Pennsylvania","Private/Non-sectarian","Colonial Athletic Association",-75.1652215,39.9525839
"79","Blue Devils","Durham","North Carolina","Private/Non-sectarian","Atlantic Coast Conference",-78.898619,35.9940329
"80","Dukes","Pittsburgh","Pennsylvania","Private/Catholic","Atlantic 10 Conference",-79.9958864,40.4406248
"83","Panthers","Charleston","Illinois","State","Ohio Valley Conference",-88.1761521,39.4961458
"84","Colonels and Lady Colonels[A 7]","Richmond","Kentucky","State","Ohio Valley Conference",-84.2946539,37.7478572
"85","Eagles","Ypsilanti","Michigan","State","Mid-American Conference",-83.6135572,42.1966292
"86","Eagles","Cheney","Washington","State","Big Sky Conference",-117.5757622,47.4873895
"81","Pirates and Lady Pirates","Greenville","North Carolina","State","American Athletic Conference",-77.3663538,35.612661
"87","Phoenix","Elon","North Carolina","Private/Non-sectarian","Colonial Athletic Association",-79.5115433,36.0982762
"82","Buccaneers and Lady Buccaneers","Johnson City","Tennessee","State","Southern Conference",-82.3534727,36.3134397
"88","Purple Aces","Evansville","Indiana","Private/Methodist","Missouri Valley Conference",-87.5710898,37.9715592
"90","Knights","Hackensack","New Jersey","Private/Non-sectarian","Northeast Conference",-74.0434736,40.8859325
"89","Stags","Fairfield","Connecticut","Private/Catholic","Metro Atlantic Athletic Conference",-73.2612615,41.1408363
"93","Owls","Boca Raton","Florida","State","Conference USA",-80.1289321,26.3683064
"94","Eagles","Fort Myers","Florida","State","Atlantic Sun Conference",-81.8723084,26.640628
"95","Panthers","Miami","Florida","State","Conference USA",-80.1917902,25.7616798
"91","Gators","Gainesville","Florida","State","Southeastern Conference",-82.3248262,29.6516344
"92","Rattlers and Lady Rattlers","Tallahassee","Florida","State","Mid-Eastern Athletic Conference",-84.2807329,30.4382559
"97","Rams","Bronx","New York","Private/Catholic","Atlantic 10 Conference",-73.8654295,40.8370495
"42","Bulldogs","Fresno","California","State","Mountain West Conference",-119.7725868,36.7468422
"96","Seminoles","Tallahassee","Florida","State","Atlantic Coast Conference",-84.2807329,30.4382559
"98","Paladins and Lady Paladins","Greenville","South Carolina","Private/Non-sectarian","Southern Conference",-82.3940104,34.8526176
"101","Colonials","Washington","District of Columbia","Private/Non-sectarian","Atlantic 10 Conference",-77.0368707,38.9071923
"105","Eagles and Lady Eagles","Statesboro","Georgia","State","Sun Belt Conference",-81.7831674,32.4487876
"99","Runnin' Bulldogs","Boiling Springs","North Carolina","Private/Baptist","Big South Conference",-81.6670407,35.254292
"100","Patriots","Fairfax","Virginia","State","Atlantic 10 Conference",-77.3063733,38.8462236
"102","Hoyas","Washington","District of Columbia","Private/Catholic","Big East Conference",-77.0368707,38.9071923
"103","Bulldogs and Lady Bulldogs[A 8]","Athens","Georgia","State","Southeastern Conference",-83.357567,33.9519347
"106","Panthers","Atlanta","Georgia","State","Sun Belt Conference",-84.3879824,33.7489954
"104","Yellow Jackets","Atlanta","Georgia","State","Atlantic Coast Conference",-84.3879824,33.7489954
"107","Bulldogs","Spokane","Washington","Private/Catholic","West Coast Conference",-117.4260466,47.6587802
"108","Tigers and Lady Tigers","Grambling","Louisiana","State","Southwestern Athletic Conference",-92.7140402,32.5276503
"349","Antelopes","Phoenix","Arizona","For Profit/Christian","Western Athletic Conference[A 42]",-112.0740373,33.4483771
"339","Phoenix[A 39]","Green Bay","Wisconsin","State","Horizon League",-88.019826,44.519159
"109","Pirates and Lady Pirates","Hampton","Virginia","Private/Non-sectarian","Mid-Eastern Athletic Conference",-76.3452218,37.0298687
"110","Hawks","West Hartford","Connecticut","Private/Non-sectarian","America East Conference",-72.7420151,41.7620842
"111","Crimson","Cambridge[A 9]","Massachusetts","Private/Non-sectarian","Ivy League",-71.1047026,42.3342827
"112","Rainbow Warriors and Rainbow Wahine[A 10]","Honolulu","Hawaii","State","Big West Conference",-157.8583333,21.3069444
"113","Panthers","High Point","North Carolina","Private/Methodist","Big South Conference",-80.0053176,35.9556923
"114","Pride","Hempstead","New York","Private/Non-sectarian","Colonial Athletic Association",-73.6187397,40.7062128
"115","Crusaders","Worcester","Massachusetts","Private/Catholic","Patriot League",-71.8022934,42.2625932
"116","Cougars","Houston","Texas","State","American Athletic Conference",-95.3698028,29.7604267
"117","Huskies","Houston","Texas","Private/Baptist","Southland Conference",-95.3698028,29.7604267
"118","Bison and Lady Bison","Washington","District of Columbia","Private/Non-sectarian","Mid-Eastern Athletic Conference",-77.0368707,38.9071923
"119","Vandals","Moscow","Idaho","State","Big Sky Conference",-117.0001651,46.7323875
"120","Bengals","Pocatello","Idaho","State","Big Sky Conference",-112.4455344,42.8713032
"123","Fighting Illini","Urbana–Champaign","Illinois","State","Big Ten Conference",-88.2072697,40.1105875
"122","Redbirds","Normal","Illinois","State","Missouri Valley Conference",-88.9906312,40.5142026
"350","Cardinals","San Antonio","Texas","Private/Catholic","Southland Conference[A 41]",-98.4936282,29.4241219
"124","Hoosiers","Bloomington","Indiana","State","Big Ten Conference",-86.5263857,39.165325
"125","Sycamores","Terre Haute","Indiana","State","Missouri Valley Conference",-87.4139092,39.4667034
"128","Gaels","New Rochelle","New York","Private/Catholic","Metro Atlantic Athletic Conference",-73.7823549,40.9114882
"129","Hawkeyes","Iowa City","Iowa","State","Big Ten Conference",-91.5301683,41.6611277
"130","Cyclones","Ames","Iowa","State","Big 12 Conference",-93.6319131,42.0307812
"126","Mastodons","Fort Wayne","Indiana","State","The Summit League",-85.1393513,41.079273
"127","Jaguars","Indianapolis","Indiana","State","The Summit League",-86.158068,39.768403
"131","Tigers and Lady Tigers","Jackson","Mississippi","State","Southwestern Athletic Conference",-90.1848103,32.2987573
"132","Dolphins","Jacksonville","Florida","Private/Non-Sectarian","Atlantic Sun Conference",-81.655651,30.3321838
"133","Gamecocks","Jacksonville","Alabama","State","Ohio Valley Conference",-85.7613536,33.8137125
"134","Dukes","Harrisonburg","Virginia","State","Colonial Athletic Association",-78.8689155,38.4495688
"135","Jayhawks","Lawrence","Kansas","State","Big 12 Conference",-95.2352501,38.9716689
"136","Wildcats","Manhattan","Kansas","State","Big 12 Conference",-96.5716694,39.1836082
"137","Owls and Lady Owls","Kennesaw","Georgia","State","Atlantic Sun Conference",-84.6154897,34.0234337
"138","Golden Flashes","Kent","Ohio","State","Mid-American Conference",-81.3578859,41.1536674
"139","Wildcats","Lexington","Kentucky","State","Southeastern Conference",-84.5037164,38.0405837
"148","Ragin' Cajuns","Lafayette","Louisiana","State","Sun Belt Conference",-92.0198427,30.2240897
"140","Explorers","Philadelphia","Pennsylvania","Private/Catholic","Atlantic 10 Conference",-75.1652215,39.9525839
"151","Bulldogs and Lady Techsters","Ruston","Louisiana","State","Conference USA",-92.637927,32.5232053
"141","Leopards","Easton","Pennsylvania","Private/Presbyterian","Patriot League",-75.2207323,40.688432
"142","Cardinals and Lady Cardinals","Beaumont","Texas","State","Southland Conference",-94.1265562,30.080174
"44","49ers[A 3]","Long Beach","California","State","Big West Conference",-118.1937395,33.7700504
"143","Mountain Hawks","Bethlehem","Pennsylvania","Private/Non-Sectarian","Patriot League",-75.3704579,40.6259316
"144","Flames and Lady Flames","Lynchburg","Virginia","Private/Baptist","Big South Conference",-79.1422464,37.4137536
"145","Bisons and Lady Bisons","Nashville","Tennessee","Private/Churches of Christ","Atlantic Sun Conference",-86.7816016,36.1626638
"146","Blackbirds","Brooklyn","New York","Private/Non-Sectarian","Northeast Conference",-73.9441579,40.6781784
"147","Lancers","Farmville","Virginia","State","Big South Conference",-78.3919401,37.3020965
"152","Cardinals","Louisville","Kentucky","State","Atlantic Coast Conference",-85.7584557,38.2526647
"153","Ramblers[A 13]","Chicago","Illinois","Private/Catholic","Missouri Valley Conference",-87.6297982,41.8781136
"154","Greyhounds","Baltimore","Maryland","Private/Catholic","Patriot League",-76.6121893,39.2903848
"155","Lions","Los Angeles","California","Private/Catholic","West Coast Conference",-118.2436849,34.0522342
"150","Tigers and Lady Tigers[A 12]","Baton Rouge","Louisiana","State","Southeastern Conference",-91.1403196,30.4582829
"156","Black Bears","Orono","Maine","State","America East Conference",-68.6719411,44.8831125
"157","Jaspers and Lady Jaspers","Riverdale","New York","Private/Catholic","Metro Atlantic Athletic Conference",-73.9109977,40.8940853
"158","Red Foxes","Poughkeepsie","New York","Private/Catholic","Metro Atlantic Athletic Conference",-73.9209701,41.7003713
"159","Golden Eagles","Milwaukee","Wisconsin","Private/Catholic","Big East Conference",-87.9064736,43.0389025
"160","Thundering Herd","Huntington","West Virginia","State","Conference USA",-82.445154,38.4192496
"162","Terrapins","College Park","Maryland","State","Big Ten Conference",-76.93776,38.9896967
"165","Cowboys and Cowgirls","Lake Charles","Louisiana","State","Southland Conference",-93.2173758,30.2265949
"163","Hawks and Lady Hawks","Princess Anne","Maryland","State","Mid-Eastern Athletic Conference",-75.692427,38.2028993
"166","Tigers","Memphis","Tennessee","State","American Athletic Conference",-90.0489801,35.1495343
"167","Bears","Macon","Georgia","Private/Non-Sectarian","Southern Conference",-83.6324022,32.8406946
"168","Hurricanes[A 15]","Coral Gables","Florida","Private/Non-Sectarian","Atlantic Coast Conference",-80.2683838,25.72149
"169","Redhawks[A 16]","Oxford","Ohio","State","Mid-American Conference",-84.745231,39.5069974
"170","Wolverines","Ann Arbor","Michigan","State","Big Ten Conference",-83.7430378,42.2808256
"171","Spartans","East Lansing","Michigan","State","Big Ten Conference",-84.4838654,42.7369792
"172","Blue Raiders","Murfreesboro","Tennessee","State","Conference USA",-86.39027,35.8456213
"341","Panthers[A 40]","Milwaukee","Wisconsin","State","Horizon League",-87.9064736,43.0389025
"173","Golden Gophers","Minneapolis–Saint Paul","Minnesota","State","Big Ten Conference",-93.3225989,44.9515446
"175","Bulldogs","Starkville","Mississippi","State","Southeastern Conference",-88.8183872,33.4503998
"176","Delta Devils and Devilettes","Itta Bena","Mississippi","State","Southwestern Athletic Conference",-90.3198067,33.49512
"177","Tigers","Columbia","Missouri","State","Southeastern Conference",-92.3340724,38.9517053
"179","Bears and Lady Bears","Springfield","Missouri","State","Missouri Valley Conference",-93.2922989,37.2089572
"180","Hawks","West Long Branch","New Jersey","Private/Non-Sectarian","Metro Atlantic Athletic Conference",-74.0176381,40.2903891
"181","Grizzlies[A 18]","Missoula","Montana","State","Big Sky Conference",-113.996586,46.8787176
"182","Bobcats","Bozeman","Montana","State","Big Sky Conference",-111.0429339,45.6769979
"183","Eagles","Morehead","Kentucky","State","Ohio Valley Conference",-83.4326841,38.1839705
"184","Bears and Lady Bears","Baltimore","Maryland","State","Mid-Eastern Athletic Conference",-76.6121893,39.2903848
"185","Mountaineers","Emmitsburg","Maryland","Private/Catholic","Northeast Conference",-77.3269307,39.7045417
"186","Racers[A 19]","Murray","Kentucky","State","Ohio Valley Conference",-88.314761,36.6103334
"212","Lumberjacks","Flagstaff","Arizona","State","Big Sky Conference",-111.651302,35.1982836
"213","Bears","Greeley","Colorado","State","Big Sky Conference",-104.7091322,40.4233142
"214","Huskies","DeKalb","Illinois","State","Mid-American Conference",-88.7503647,41.9294736
"216","Norse","Highland Heights","Kentucky","State","Horizon League",-84.4518854,39.0331169
"314","Midshipmen","Annapolis","Maryland","Federal academy","Patriot League",-76.4921829,38.9784453
"199","Aggies","Greensboro","North Carolina","State","Mid-Eastern Athletic Conference",-79.7919754,36.0726354
"201","Eagles","Durham","North Carolina","State","Mid-Eastern Athletic Conference",-78.898619,35.9940329
"205","Wolfpack","Raleigh","North Carolina","State","Atlantic Coast Conference",-78.6381787,35.7795897
"187","Cornhuskers","Lincoln","Nebraska","State","Big Ten Conference",-96.6851982,40.8257625
"190","Wolf Pack","Reno","Nevada","State","Mountain West Conference",-119.8138027,39.5296329
"193","Lobos","Albuquerque","New Mexico","State","Mountain West Conference",-106.6055534,35.0853336
"194","Aggies","Las Cruces","New Mexico","State","Western Athletic Conference",-106.7636538,32.3199396
"195","Privateers","New Orleans","Louisiana","State","Southland Conference",-90.0715323,29.9510658
"196","Purple Eagles","Lewiston","New York","Private/Catholic","Metro Atlantic Athletic Conference",-79.0358782,43.1725552
"197","Colonels","Thibodaux","Louisiana","State","Southland Conference",-90.822871,29.7957633
"192","Highlanders","Newark","New Jersey","State","Atlantic Sun Conference",-74.1723667,40.735657
"198","Spartans","Norfolk","Virginia","State","Mid-Eastern Athletic Conference",-76.2858726,36.8507689
"207","Fighting Hawks[A 22]","Grand Forks","North Dakota","State","Big Sky Conference",-97.0328547,47.9252568
"208","Bison","Fargo","North Dakota","State","The Summit League",-96.7898034,46.8771863
"209","Ospreys and Lady Ospreys","Jacksonville","Florida","State","Atlantic Sun Conference",-81.655651,30.3321838
"210","Mean Green","Denton","Texas","State","Conference USA",-97.1330683,33.2148412
"211","Huskies","Boston","Massachusetts","Private/Non-Sectarian","Colonial Athletic Association",-71.0588801,42.3600825
"215","Panthers","Cedar Falls","Iowa","State","Missouri Valley Conference",-92.4453161,42.5348993
"217","Wildcats","Evanston","Illinois","Private/Non-Sectarian","Big Ten Conference",-87.6876969,42.0450722
"218","Demons and Lady Demons","Natchitoches","Louisiana","State","Southland Conference",-93.0862749,31.7607195
"219","Fighting Irish","South Bend","Indiana","Private/Catholic","Atlantic Coast Conference",-86.2519898,41.6763545
"220","Golden Grizzlies","Rochester","Michigan","State","Horizon League",-83.1338214,42.680588
"221","Bobcats","Athens","Ohio","State","Mid-American Conference",-82.1012554,39.3292396
"223","Sooners","Norman","Oklahoma","State","Big 12 Conference",-97.4394777,35.2225668
"224","Cowboys and Cowgirls","Stillwater","Oklahoma","State","Big 12 Conference",-97.0583681,36.1156071
"225","Monarchs and Lady Monarchs","Norfolk","Virginia","State","Conference USA",-76.2858726,36.8507689
"174","Rebels[A 17]","Oxford","Mississippi","State","Southeastern Conference",-89.5192484,34.3664951
"188","Mavericks[A 20]","Omaha","Nebraska","State","The Summit League",-95.9979883,41.2523634
"226","Golden Eagles","Tulsa","Oklahoma","Private/Christian","The Summit League",-95.992775,36.1539816
"227","Ducks","Eugene","Oregon","State","Pac-12 Conference",-123.0867536,44.0520691
"228","Beavers","Corvallis","Oregon","State","Pac-12 Conference",-123.2620435,44.5645659
"222","Buckeyes","Columbus","Ohio","State","Big Ten Conference",-82.9987942,39.9611755
"229","Tigers","Stockton","California","Private/Methodist","West Coast Conference",-121.2907796,37.9577016
"230","Quakers","Philadelphia","Pennsylvania","Private/Non-Sectarian","Ivy League",-75.1652215,39.9525839
"231","Nittany Lions[A 23]","State College","Pennsylvania","State-related","Big Ten Conference",-77.8600012,40.7933949
"232","Waves","Malibu","California","Private/Churches of Christ","West Coast Conference",-118.7797571,34.0259216
"233","Panthers[A 24]","Pittsburgh","Pennsylvania","State-related","Atlantic Coast Conference",-79.9958864,40.4406248
"234","Pilots","Portland","Oregon","Private/Catholic","West Coast Conference",-122.6764816,45.5230622
"235","Vikings","Portland","Oregon","State","Big Sky Conference",-122.6764816,45.5230622
"237","Blue Hose","Clinton","South Carolina","Private/Presbyterian","Big South Conference",-81.8806562,34.4726276
"238","Tigers","Princeton","New Jersey","Private/Non-Sectarian","Ivy League",-74.6672226,40.3572976
"239","Friars","Providence","Rhode Island","Private/Catholic","Big East Conference",-71.4128343,41.8239891
"240","Boilermakers","West Lafayette","Indiana","State","Big Ten Conference",-86.9080655,40.4258686
"236","Panthers and Lady Panthers","Prairie View","Texas","State","Southwestern Athletic Conference",-95.9877339,30.0932737
"241","Bobcats","Hamden","Connecticut","Private/Non-Sectarian","Metro Atlantic Athletic Conference",-72.9026064,41.3838782
"242","Highlanders","Radford","Virginia","State","Big South Conference",-80.5764477,37.1317924
"244","Owls","Houston","Texas","Private/Non-Sectarian","Conference USA",-95.3698028,29.7604267
"245","Spiders","Richmond","Virginia","Private/Non-Sectarian","Atlantic 10 Conference",-77.4360481,37.5407246
"246","Broncs","Lawrenceville","New Jersey","Private/Non-Sectarian","Metro Atlantic Athletic Conference",-74.7361013,40.3016375
"247","Colonials","Moon Township","Pennsylvania","Private/Non-Sectarian","Northeast Conference",-80.2213477,40.5169767
"248","Scarlet Knights","New Brunswick","New Jersey","State-private hybrid","Big Ten Conference",-74.4518188,40.4862157
"271","Bulldogs and Lady Bulldogs","Orangeburg","South Carolina","State","Mid-Eastern Athletic Conference",-80.8556476,33.4918203
"280","Salukis","Carbondale","Illinois","State","Missouri Valley Conference",-89.2167501,37.7272727
"46","Hornets","Sacramento","California","State","Big Sky Conference",-121.4943996,38.5815719
"249","Pioneers","Fairfield","Connecticut","Private/Catholic","Northeast Conference",-73.2612615,41.1408363
"254","Hawks[A 28]","Philadelphia","Pennsylvania","Private/Catholic","Atlantic 10 Conference",-75.1652215,39.9525839
"255","Billikens","St. Louis","Missouri","Private/Catholic","Atlantic 10 Conference",-90.1994042,38.6270025
"256","Gaels","Moraga","California","Private/Catholic","West Coast Conference",-122.1296871,37.8349263
"258","Bearkats","Huntsville","Texas","State","Southland Conference",-95.5507771,30.7235263
"259","Bulldogs","Homewood","Alabama","Private/Baptist","Southern Conference",-86.8008228,33.4717732
"260","Toreros","San Diego","California","Private/Catholic","West Coast Conference",-117.1610838,32.715738
"261","Aztecs","San Diego","California","State","Mountain West Conference",-117.1610838,32.715738
"262","Dons","San Francisco","California","Private/Catholic","West Coast Conference",-122.4194155,37.7749295
"263","Spartans","San Jose","California","State","Mountain West Conference",-121.8863286,37.3382082
"264","Broncos","Santa Clara","California","Private/Catholic","West Coast Conference",-121.9552356,37.3541079
"265","Tigers and Lady Tigers","Savannah","Georgia","State","Mid-Eastern Athletic Conference",-81.0998342,32.0835407
"277","Lions and Lady Lions","Hammond","Louisiana","State","Southland Conference",-90.4611995,30.5043583
"276","Redhawks","Cape Girardeau","Missouri","State","Ohio Valley Conference",-89.5181476,37.3058839
"266","Redhawks","Seattle","Washington","Private/Catholic","Western Athletic Conference",-122.3320708,47.6062095
"267","Pirates","South Orange","New Jersey","Private/Catholic","Big East Conference",-74.2609903,40.7489277
"286","Lumberjacks and Ladyjacks","Nacogdoches","Texas","State","Southland Conference",-94.6554874,31.6035129
"268","Saints","Loudonville","New York","Private/Catholic","Metro Atlantic Athletic Conference",-73.7548424,42.7048009
"281","Cougars[A 32]","Edwardsville","Illinois","State","Ohio Valley Conference",-89.953157,38.8114364
"282","Mustangs","University Park","Texas","Private/Methodist","American Athletic Conference",-96.797592,32.8550377
"269","Jaguars","Mobile","Alabama","State","Sun Belt Conference",-88.0398912,30.6953657
"270","Gamecocks","Columbia","South Carolina","State","Southeastern Conference",-81.0348144,34.0007104
"273","Coyotes","Vermillion","South Dakota","State","The Summit League",-96.9292104,42.7794417
"274","Jackrabbits","Brookings","South Dakota","State","The Summit League",-96.7983877,44.3113573
"278","Jaguars and Lady Jaguars","Baton Rouge","Louisiana","State","Southwestern Athletic Conference",-91.1403196,30.4582829
"283","Golden Eagles","Hattiesburg","Mississippi","State","Conference USA",-89.2903392,31.3271189
"284","Thunderbirds","Cedar City","Utah","State","Big Sky Conference",-113.0618931,37.6774769
"250","Bonnies","St. Bonaventure","New York","Private/Catholic","Atlantic 10 Conference",-78.4750213,42.0803426
"251","Terriers[A 25]","Brooklyn","New York","Private/Catholic","Northeast Conference",-73.9441579,40.6781784
"252","Red Flash[A 26]","Loretto","Pennsylvania","Private/Catholic","Northeast Conference",-78.630296,40.5031263
"253","Red Storm[A 27]","Jamaica","New York","Private/Catholic","Big East Conference",-73.7889689,40.702677
"257","Peacocks and Peahens","Jersey City","New Jersey","Private/Catholic","Metro Atlantic Athletic Conference",-74.0776417,40.7281575
"285","Cardinal","Palo Alto","California","Private/Non-Sectarian","Pac-12 Conference",-122.1430195,37.4418834
"287","Hatters","DeLand","Florida","Private/Non-Sectarian","Atlantic Sun Conference",-81.3031179,29.028318
"288","Seawolves","Stony Brook","New York","State","America East Conference",-73.1409429,40.9256538
"289","Orange","Syracuse","New York","Private/Methodist","Atlantic Coast Conference",-76.1474244,43.0481221
"300","Horned Frogs and Lady Frogs","Fort Worth","Texas","Private/Disciples of Christ","Big 12 Conference",-97.3307658,32.7554883
"290","Owls","Philadelphia","Pennsylvania","State-related","American Athletic Conference",-75.1652215,39.9525839
"295","Golden Eagles","Cookeville","Tennessee","State","Ohio Valley Conference",-85.5016423,36.162839
"291","Volunteers and Lady Vols[A 33]","Knoxville","Tennessee","State","Southeastern Conference",-83.9207392,35.9606384
"294","Tigers and Lady Tigers","Nashville","Tennessee","State","Ohio Valley Conference",-86.7816016,36.1626638
"299","Longhorns","Austin","Texas","State","Big 12 Conference",-97.7430608,30.267153
"296","Aggies","College Station","Texas","State","Southeastern Conference",-96.3344068,30.627977
"297","Islanders","Corpus Christi","Texas","State","Southland Conference",-97.396381,27.8005828
"304","Tigers and Lady Tigers","Houston","Texas","State","Southwestern Athletic Conference",-95.3698028,29.7604267
"305","Bobcats","San Marcos","Texas","State","Sun Belt Conference",-97.9413941,29.8832749
"306","Red Raiders[A 35]","Lubbock","Texas","State","Big 12 Conference",-101.8551665,33.5778631
"57","Bulldogs","Charleston","South Carolina","State","Southern Conference",-79.9310512,32.7764749
"307","Rockets","Toledo","Ohio","State","Mid-American Conference",-83.555212,41.6639383
"308","Tigers","Towson","Maryland","State","Colonial Athletic Association",-76.6019125,39.4014955
"309","Trojans","Troy","Alabama","State","Sun Belt Conference",-85.969951,31.8087678
"310","Green Wave","New Orleans","Louisiana","Private/Non-Sectarian","American Athletic Conference",-90.0715323,29.9510658
"311","Golden Hurricane","Tulsa","Oklahoma","Private/Presbyterian","American Athletic Conference",-95.992775,36.1539816
"4","Blazers","Birmingham","Alabama","State","Conference USA",-86.80249,33.5206608
"35","Aggies","Davis","California","State","Big West Conference",-121.7405167,38.5449065
"36","Anteaters","Irvine","California","State","Big West Conference",-117.7946942,33.6839473
"39","Highlanders","Riverside","California","State","Big West Conference",-117.3961564,33.9533487
"51","Knights","Orlando","Florida","State","American Athletic Conference",-81.3792365,28.5383355
"37","Bruins","Los Angeles","California","State","Pac-12 Conference",-118.2436849,34.0522342
"65","Huskies","Storrs","Connecticut","State","American Athletic Conference",-72.2495231,41.8084314
"40","Gauchos","Santa Barbara","California","State","Big West Conference",-119.6981901,34.4208305
"121","Flames[A 11]","Chicago","Illinois","State","Horizon League",-87.6297982,41.8781136
"149","Warhawks","Monroe","Louisiana","State","Sun Belt Conference",-92.1193012,32.5093109
"164","Minutemen and Minutewomen[A 14]","Amherst","Massachusetts","State","Atlantic 10 Conference",-72.5198537,42.3732216
"351","River Hawks","Lowell","Massachusetts","State","America East Conference[A 43]",-71.3161718,42.6334247
"161","Retrievers","Catonsville","Maryland","State","America East Conference",-76.7319161,39.2720509
"178","Kangaroos","Kansas City","Missouri","State","Western Athletic Conference",-94.5785667,39.0997265
"202","Tar Heels","Chapel Hill","North Carolina","State","Atlantic Coast Conference",-79.0558445,35.9131996
"200","Bulldogs","Asheville","North Carolina","State","Big South Conference",-82.5514869,35.5950581
"206","Seahawks","Wilmington","North Carolina","State","Colonial Athletic Association",-77.9447102,34.2257255
"204","Spartans","Greensboro","North Carolina","State","Southern Conference",-79.7919754,36.0726354
"191","Wildcats","Durham","New Hampshire","State","America East Conference",-70.9264393,43.1339545
"189","Rebels[A 21]","Paradise","Nevada","State","Mountain West Conference",-115.1466648,36.0971945
"243","Rams","Kingston","Rhode Island","State","Atlantic 10 Conference",-71.5225598,41.4803791
"279","Trojans[A 30][A 31]","Los Angeles","California","Private Non-Sectarian","Pac-12 Conference",-118.2436849,34.0522342
"272","Spartans[A 29]","Spartanburg","South Carolina","State","Atlantic Sun Conference",-81.9320482,34.9495672
"275","Bulls","Tampa","Florida","State","American Athletic Conference",-82.4571776,27.950575
"298","Mavericks","Arlington","Texas","State","Sun Belt Conference",-97.1080656,32.735687
"293","Skyhawks","Martin","Tennessee","State","Ohio Valley Conference",-88.8503379,36.3433965
"302","Vaqueros","Edinburg","Texas","State","Western Athletic Conference",-98.1633432,26.3017374
"315","Utes[A 37]","Salt Lake City","Utah","State","Pac-12 Conference",-111.8910474,40.7607793
"316","Aggies","Logan","Utah","State","Mountain West Conference",-111.8338359,41.7369803
"317","Wolverines","Orem","Utah","State","Western Athletic Conference",-111.6946475,40.2968979
"301","Miners","El Paso","Texas","State","Conference USA",-106.4850217,31.7618778
"303","Roadrunners","San Antonio","Texas","State","Conference USA",-98.4936282,29.4241219
"322","Cavaliers","Charlottesville","Virginia","State","Atlantic Coast Conference",-78.4766781,38.0293059
"318","Crusaders","Valparaiso","Indiana","Private/Lutheran","Horizon League",-87.0611412,41.4730948
"319","Commodores","Nashville","Tennessee","Private/Non-Sectarian","Southeastern Conference",-86.7816016,36.1626638
"323","Rams","Richmond","Virginia","State","Atlantic 10 Conference",-77.4360481,37.5407246
"320","Catamounts","Burlington","Vermont","State","America East Conference",-73.212072,44.4758825
"321","Wildcats","Radnor Township","Pennsylvania","Private/Catholic","Big East Conference",-75.3754599,40.043912
"325","Hokies","Blacksburg","Virginia","State","Atlantic Coast Conference",-80.4139393,37.2295733
"324","Keydets","Lexington","Virginia","State","Southern Conference",-79.4428157,37.7840208
"332","Catamounts","Cullowhee","North Carolina","State","Southern Conference",-83.1765333,35.3137111
"333","Leathernecks","Macomb","Illinois","State","The Summit League",-90.6717971,40.4592076
"334","Hilltoppers and Lady Toppers","Bowling Green","Kentucky","State","Conference USA",-86.4808043,36.9685219
"335","Broncos","Kalamazoo","Michigan","State","Mid-American Conference",-85.5872286,42.2917069
"326","Seahawks","Staten Island","New York","Private/Lutheran","Northeast Conference",-74.1502007,40.5795317
"327","Demon Deacons","Winston-Salem","North Carolina","Private/Non-Sectarian","Atlantic Coast Conference",-80.244216,36.0998596
"328","Huskies","Seattle","Washington","State","Pac-12 Conference",-122.3320708,47.6062095
"329","Cougars","Pullman","Washington","State","Pac-12 Conference",-117.1817377,46.7297771
"330","Wildcats","Ogden","Utah","State","Big Sky Conference",-111.9738304,41.223
"331","Mountaineers","Morgantown","West Virginia","State","Big 12 Conference",-79.9558968,39.629526
"336","Shockers","Wichita","Kansas","State","Missouri Valley Conference",-97.330053,37.6871761
"337","Tribe","Williamsburg","Virginia","State","Colonial Athletic Association",-76.7074571,37.2707022
"338","Eagles","Rock Hill","South Carolina","State","Big South Conference",-81.0250784,34.9248667
"340","Badgers","Madison","Wisconsin","State","Big Ten Conference",-89.4012302,43.0730517
"342","Terriers","Spartanburg","South Carolina","Private/Mehodist","Southern Conference",-81.9320482,34.9495672
"343","Raiders","Fairborn","Ohio","State","Horizon League",-84.0193789,39.8208925
"344","Cowboys and Cowgirls","Laramie","Wyoming","State","Mountain West Conference",-105.5911007,41.3113669
"345","Musketeers","Cincinnati","Ohio","Private/Catholic","Big East Conference",-84.5120196,39.1031182
"346","Bulldogs","New Haven","Connecticut","Private/Non-Sectarian","Ivy League",-72.9278835,41.308274
"347","Penguins","Youngstown","Ohio","State","Horizon League",-80.6495194,41.0997803
